BORO,DBA,COUNTA of DBA
Manhattan,BLUESTONE LANE,4
,LADUREE SOHO,3
,CRUMBL,3
,VAN LEEUWEN ICE CREAM,2
,TOTTO RAMEN,2
,TIVOLI TRATTORIA,2
,THE UNCOMMONS,2
,THAI PEPPERCORN,2
,TANG PAVILION,2
,SUPER GYRO,2
,SUBWAY,2
,ROYAL NAPOLI PIZZA,2
,PATISSERIE DES AMBASSADES,2
,PANDA HOUSE,2
,MING WONG RESTAURANT,2
,LLOYD'S CARROT CAKE,2
,LATIN AMERICAN RESTAURANT,2
,La Amistad Pizzeria & Grill,2
,JACQUES BRASSERIE,2
,JACK'S DELICATESSEN,2
,H & H MIDTOWN BAGELS EAST,2
,GREGORYS COFFEE,2
,DRUNKEN MUNKEY,2
,DONUT PUB,2
,DOMINO'S,2
,DD SOUP DUMPLING & HIBACHI,2
,DANTE,2
,BROADWAY GOURMET,2
,ACES,2
,ZUCKER'S BAGELS,1
,ZIZI WINE BAR,1
,ZIA MARIA LITTLE ITALY,1
,YUNG SUN SEAFOOD RESTAURANT,1
,YONAH SHIMMELS KNISHES,1
,YESHIVA UNIVERSITY - KUSHNER DINING HALL,1
,YAKINIKU GEN,1
,WU'S WONTON KING,1
,WRAP N RUN GRILL,1
,WOLFNIGHTS,1
,WOK IN THE CLOUDS,1
,WESTVILLE,1
,WESTSIDE WOK / KONATA SUSHI BAR,1
,WAYS AND MEANS,1
,WALLSE RESTAURANT,1
,ViVi Bubble Tea,1
,VINTNER WINE MARKET (BEERS & CHEESE),1
,Vin Sur Vingt,1
,VILLAGE EAST CINEMAS,1
,VILLA MOSCONI RESTAURANT,1
,VEGETARIAN DIM SUM HOUSE,1
,VANGUARD WINE BAR,1
,VANESSA'S DUMPLING HOUSE,1
,VAN LEEUWEN,1
,V-NAM CAFE,1
,UNREGULAR BAKERY,1
,TWO HANDS FRESH CORN DOGS,1
,TWELVE CHAIRS,1
,TSION CAFE & BAKERY,1
,TROPICAL SPANISH RESTAURANT,1
,TRIONA'S,1
,TRIBECA PARK CAFE,1
,TRIA DINER,1
,TRATTORIA IL GUSTO,1
,TONDA PIZZA,1
,TOMO21 SUSHI,1
,TOASTIES,1
,TITAS CAKE CORP,1
,TIRO A SEGNO OF NEW YORK,1
,THELEWALA,1
,THE YORK,1
,THE PERFECT PINT,1
,THE ORCHARD TOWNHOUSE,1
,THE MIGRANT KITCHEN,1
,The Mayfly,1
,THE INDEPENDENT,1
,THE GRANOLA BAR,1
,THE GRAFTON PUBLIC HOUSE,1
,THE COPPER STILL,1
,THE CANUCK,1
,THE CAMPBELL,1
,THE BOILER ROOM,1
,THE BEST SICHUAN,1
,THAI TIME,1
,TERRAVITA BAR & KITCHEN,1
,TERIYAKI R US,1
,TEA TIME,1
,TASTY DELI,1
,TARTINERY,1
,"TACO BELL, KFC",1
,TABATA,1
,SZECHUAN GOURMET,1
,SUTTON CAFE RESTAURANT,1
,SUSHI GINZA,1
,SUPERMOON BAKEHOUSE,1
,SUPER GOLDEN CHOPSTICKS,1
,SUNFLOWER ESPRESSO BAR,1
,SUGARWOOD,1
,ST GEORGE TAVERN RESTAURANT & BAR,1
,SOHO THAI,1
,SOHO PARK,1
,SILVER PALACE,1
,SHIMA SUSHI,1
,SHANGHAI TIME,1
,SHAKESPEARE & CO,1
,SHAKE SHACK,1
,SEMMA,1
,SANMIWAGO,1
,SALMA LEBANESE RESTAURANT,1
,SALAD BOX USA,1
,SAKE BAR HAGI,1
,SAHARA'S TURKISH CUISINE,1
,SABOR A MEXICO II,1
,SA'TACOS,1
,ROWDY ROOSTER,1
,ROUTE 66 AMERICAN BBQ,1
,ROLL & KATSU KITCHEN,1
,RED GATE BAKERY,1
,REAL SABOR,1
,READY TO EAT,1
,QUE CHEVERE,1
,PRET,1
,PRAWNAHOLIC,1
,POULETTE,1
,POSH POP BAKESHOP,1
,POMODORO,1
,POLASH INDIAN RESTAURANT,1
,POKE RESTAURANT,1
,PLOO,1
,PLAYA BOWLS,1
,PIZZA TOWN,1
,PIONEERS BAR & LOUNGE,1
,PICK A BAGEL,1
,PHOSHIME,1
,PERSEPOLIS,1
,PERCH BAR,1
,Peasant,1
,PAUL'S DA BURGER JOINT,1
,PASTEUR GRILL & NOODLES,1
,PARIS BAGUETTE,1
,PARDON MY FRENCH,1
,PARADIS TO GO,1
,PANERA BREAD #9202,1
,PALADAR & GRILL,1
,PALACE RESTAURANT,1
,Padoca Bakery,1
,OZEN SUSHI ASIAN FUSION,1
,OSTERIA NONNINO,1
,OSTERIA BAROCCA,1
,ORGANIC GRILL,1
,ONE AND ONE,1
,OMEGA SALAD BAR AND DELI,1
,OLIVE'S,1
,OBICA MOZZARELLA BAR,1
,O'NIEALS,1
,NYC FALAFEL CO,1
,NOM,1
,NEW YORK INSTITUTE OF TECHNOLOGY,1
,NEW TANG'S GARDEN,1
,NEW SHUN WEI RESTAURANT,1
,NAT'S ON BANK,1
,NAKS,1
,MORNINGSTAR RESTAURANT,1
,MONA KITCHEN & MARKET,1
,Modern Bread & Bagel,1
,MIMI'S PIZZA,1
,MI TEA,1
,MEALZ CAFÉ,1
,MCDONALD'S,1
,MASON JAR,1
,MARINARA PIZZA,1
,MARCHE MADISON,1
,MAMASITA BAR,1
,MAMA FINA'S,1
,MALA PROJECT,1
,MAH ZE DAHR BAKERY,1
,MADAME BONTE,1
,MACE,1
,M AND PIZZA,1
,LOLA TAVERNA,1
,LITTLE ITALY PIZZA III,1
,LITTLE CHARLI,1
,LITTLE CAESARS,1
,LISETTE RESTAURANT,1
,LION'S HEAD TAVERN,1
,LIFFY II BAR,1
,LENA,1
,LAO MA SPICY,1
,LAHORI KABAB,1
,LAGOS TSQ,1
,LADY WONG,1
,LA GOURMET,1
,LA CONTENTA OESTE,1
,LA CAVA,1
,KUNG FU LITTLE STEAMED BUNS RAMEN,1
,KITARO,1
,KIN KHAO THAI KITCHEN,1
,KEKI MODERN CAKES,1
,KEBAB AUR SHARAB,1
,KAILASH PARBAT,1
,K-BAP,1
,JULIUS,1
,JUICE HEALTHY FOOD AND DRINKS,1
,JOE'S GINGER RESTAURANT,1
,JOE & THE JUICE,1
,JANIE'S LIFE - CHANGING BAKED GOODS,1
,JACK DIAMOND'S,1
,INSOMNIA COOKIES,1
,INDIAN TANPURA,1
,INDAY,1
,IKYU,1
,HUDSON VIEW RESTAURANT,1
,HUDSON MALONE,1
,HOP LEE RESTAURANT,1
,HOLIDAY INN EXPRESS,1
,HIMALAYAN CURRY HOUSE,1
,HIGHLINE PIZZA NYC,1
,Hibachi Express,1
,HEX AND CO.,1
,HEN HOUSE NYC,1
,HARLEM NIGHTS,1
,HAPPY BOWLS,1
,HAANDI,1
,HAAGEN-DAZS,1
,GUGU ROOM,1
,GUADALUPE BAR AND GRILL,1
,GREAT BURRITO RESTAURANT,1
,GRAND CANYON RESTAURANT CITY,1
,GRAMERCY KITCHEN,1
,GRACE'S,1
,GOODNIGHT SONNY,1
,GOOD TASTE CHINESE RESTAURANT,1
,GOLDEN FOREST,1
,GOAL OMAKASE SUSHI,1
,GINO'S PIZZERIA RESTAURANT,1
,GEORGE.,1
,GAMMEEOK,1
,GAI CHICKEN & RICE,1
,FUSION HK BAR-GRILL,1
,FUNNY BBQ,1
,FU ZHOU WEI ZONG WEI,1
,FRESH WHITE SWAN BAKERY,1
,FRENCHETTE BAKERY AT THE WHITNEY,1
,FRANKIES DOGS ON THE GO,1
,FOOD FOR THOUGHT CATERED EVENTS,1
,FLEET BAKERY,1
,FINE & RARE,1
,FILLMORE DELICATESSEN,1
,FAMOUS & FRESH 99¢ PIZZA,1
,FALAFEL STATION,1
,FAIRYTALES LOUNGE,1
,EZ PAELLA,1
,EVA'S CINCO DE MAYO,1
,ELEVEN B,1
,EL PARAITO DE POLLO,1
,EL MESON II RESTAURANT,1
,EL COCO,1
,EASTWOOD,1
,DYCKMAN BAKERY,1
,DUNKIN,1
,DRAGON 88,1
,DOUGHNUTTERY,1
,DOS CAMINOS,1
,DIM SUM GO GO,1
,DIG INN,1
,DENINO'S PIZZERIA & TAVERN,1
,DELMONICO GOURMET,1
,DELICO,1
,DELICACY,1
,DEATH & CO.,1
,DAVIDOVICH BAKERY,1
,DAVID BURKE TAVERN,1
,DA ANDREA RISTORANTE,1
,CROWN FRIED CHICKEN & PIZZA,1
,CROSSBAR / SOCCER POST UPPER WESTSIDE,1
,CREATIVE EDGE CATERERS,1
,CRAB HERO,1
,CORNER BISTRO,1
,CORK WINE BAR,1
,COCO FRESH TEA & JUICE,1
,CLAW DADDY'S,1
,CLAIRES KITCHEN CAFE,1
,CITIZENS OF GRAMERCY,1
,CILANTRO NYC,1
,CHOW HOUSE,1
,CHOMP CHOMP,1
,CHIPOTLE MEXICAN GRILL #3056,1
,CHINA RIVER,1
,CHICK CHICK,1
,CHERRY TAVERN,1
,CHELSEA JUICE,1
,CHAROEN KRUNG,1
,CHAMPION PIZZA PLUS,1
,CHAMPION PIZZA,1
,Cauldron Chicken,1
,CASA LIMONE,1
,CASA DANI,1
,CASA D' ANGELO,1
,CASA ADELA RESTAURANT,1
,CAFFE DA CAPO,1
,CAFE ROUND K,1
,BURP BOWL,1
,BUNNY DELI,1
,BROWN SUGAR BAR & RESTAURANT,1
,Brooklyn Dumpling Shop,1
,BREAD N WINE,1
,BOTTE UES,1
,BOKA,1
,BLUE SPOON,1
,BLUE HAVEN,1
,BLOOM'S TAVERN,1
,BIRCH COFFEE,1
,BEL-FRIES,1
,BEL AMI,1
,BEI JING CHINESE RESTAURANT,1
,BECKETT'S,1
,BARBUTO WEST,1
,BAR 314,1
,BAGELS AND MORE,1
,BAGEL EXPRESS,1
,BAGEL BOSS,1
,BAGEL & SCHMEAR,1
,BABYLON,1
,BABY GRAND,1
,BA'AL CAFE AND FALAFEL,1
,B&W DELI GROCERY,1
,B&H Dairy Lunch,1
,B CUP CAFE,1
,ATOMIC WINGS,1
,ARTHUR'S TAVERN,1
,ARISTON FLOWERS & CAFE,1
,ANGELA'S CAKE,1
,ANDIE'S EATS,1
,AMURA JAPANESE RESTAURANT,1
,AMERICAN CUT,1
,AMELIE WINE BAR,1
,AMBER 80ST,1
,ALL AMERICAN DELI,1
,AIRS CHAMPAGNE PARLOR,1
,ABAITA,1
,A-ROLL NYC,1
,787 COFFEE CO,1
,787 COFFEE,1
,72ND EATERY,1
,51 PIZZA,1
,16 HANDLES,1
,$1 PIZZA,1
Manhattan Total,,379
Brooklyn,SUBWAY,3
,CREAMPANDA,3
,THE VILLAGE LUNCHEONETTE,2
,THAI LEAF,2
,TASTE OF CHINA,2
,STAND UP TEA,2
,SOTTO CASA,2
,SIMON'S BBQ II,2
,SHAURMA FACTORY,2
,ROYAL YARD FOOD,2
,ROSALIA'S CAFE,2
,RICO CHIMI BROOKLYN,2
,R&D FOODS,2
,PINO'S PIZZA AND GRILL,2
,OTWAY BAKERY,2
,NEW GREAT WALL,2
,NEW CHOI FOOK RESTAURANT,2
,MELONPANNA TEA & SHOT,2
,MEADOWSWEET,2
,LUCKY WING,2
,LUCKY EIGHT/HONG KONG CHINESE CUISINE,2
,LA BICYCLETTE BAKERY,2
,KHORASAN KABOB & GYRO,2
,JIMBO SLIMS,2
,ISLAND EXPRESS,2
,HAPPY FRESH TORTILLA GRILL,2
,EMMY SQUARED PIZZA,2
,EL PENACHO RESTAURANT,2
,DUNKIN,2
,COURT STREET GROCERS,2
,CHINA KING 1 RESTAURANT,2
,CHINA GARDEN RESTAURANT,2
,BLACK IRIS,2
,BIEN CUIT,2
,BENSION KOHEN,2
,ATHENA MEDITERRANEAN CUISINE,2
,AFSONA,2
,ACT ONE BAR & RESTAURANT,2
,ZHANG'S GARDEN,1
,ZATAR CAFE & BISTRO,1
,YONG KANG STREET,1
,YARD POT,1
,YANG NO 1 CHINESE ASIAN RESTAURANT,1
,YAAD MAN THING,1
,WRAPTOR RESTAURANT BAR,1
,WRAP N ROLL,1
,WOK AND ROLL KITCHEN,1
,WEEKENDS,1
,VINEAPPLE,1
,VIA ROMA PIZZA BAR,1
,VESUVIO RESTAURANT & PIZZA,1
,VELVETTE BLACK,1
,VELVET LOUNGE,1
,US FRIED CHICKEN & PIZZA,1
,TROPICAL TASTE,1
,TOP TIER II CATERING,1
,TONY'S FAMOUS PIZZA,1
,TO DATE JAPANESE FOOD,1
,TITI'S EMPANADAS,1
,TIENDA GUATEMALTECA EL QUETZALITO,1
,THINK SWEET CAFE,1
,THE WESTBURY INN,1
,THE SPOT CARIBBEAN CUISINE,1
,THE SACKETT,1
,The Royal Palms Shuffleboard Club,1
,THE MEAT CORNER,1
,THE HOP SHOP,1
,THE GRAPE LEAF COMPANY,1
,THE GRAHAM,1
,THE BUREAU CAFE,1
,THE BROTHERS BAGELS,1
,THE BROOKLYN FIREFLY,1
,THE BREW INN,1
,The Bahche BISON BOURBON,1
,THAI HOLIC,1
,TERRACE BAGELS,1
,TEN SECONDS YUNNAN RICE NOODLES,1
,TASUCO,1
,TASTE OF THE CITY FRESH GRILL,1
,TAQUERIA SANTA FE,1
,TAMARA CARIBBEAN KITCHEN,1
,TABLE 87 / EIGHTY-SEVEN NEXT DOOR,1
,SUPER SUSHI,1
,SUNSET BAGELS,1
,SUN HING,1
,STEAM BOX,1
,SOULJAH'S BISTRO,1
,SOULFUL FOODS,1
,SONORA,1
,SOFIA & GRACE COOKIE COMPANY,1
,SMITH STREET PIZZA,1
,SHIAWASE,1
,SHEN ZHOU RESTAURANT,1
,SHEBA HOOKAH LOUNGE,1
,SHANTY TOWN JAMAICAN RESTAURANT,1
,SCHIMANSKI NEW YORK,1
,SCHICK'S MANOR,1
,SAVORY THAI,1
,SAUCE AND SODA,1
,SAPORE DI ITALIA,1
,SALTY DOG RESTAURANT,1
,SAL'S PIZZERIA,1
,S & M PIZZA,1
,RYUJIN RAMEN,1
,RUAN NEW STAR,1
,ROTI-R-US,1
,ROAST 28,1
,RICHARD'S CARIBBEAN CAFE,1
,RICEPOT THAICOOKHOUSE,1
,RICE PIE,1
,RANGOON,1
,RAMEN SPOT,1
,R-1 HOT PIZZA,1
,QR SUSHI,1
,PUERTA DEL SOL RESTAURANT,1
,PORTAL LATINO RESTAURANT,1
,POPPY'S CATERING + EVENTS,1
,POPEYES LOUISIANA KITCHEN,1
,POPEYES LOUISANA KITCHEN,1
,PIZZETTE,1
,PIZZA WAGON,1
,PIZZA D'AMORE,1
,PITA PAN,1
,PITA GRILL,1
,PISTACHE NYC,1
,PINE AND GINGER,1
,PHIL'S,1
,PETIT PAULETTE,1
,PEPPINO'S,1
,PEPPA'S JERK CHICKEN,1
,PEARL INDIAN RESTAURANT,1
,PEACHES,1
,PANEANTICO BAKERY,1
,OVER GREENS,1
,OTIS,1
,ONE MORE CHARM,1
,OLEA,1
,NUAN XIN RICE ROLL,1
,NORTH COAST SHARK AND BAKE,1
,NORA THAI,1
,NEW VEGETARIAN PALATE,1
,NEW PANDA BAKERY,1
,NEW ONE LUCKY CHINESE RESTAURANT,1
,New Hardee Kitchen Inc.,1
,NEW GRACE CHINESE RESTAURANT,1
,NEW FU JU LOU,1
,NEW EMERALD FORTUNE BAKERY,1
,NEW CITY ASIAN CUISINE,1
,NEW CHINA,1
,NEPTUNE PIZZA,1
,NATTO HIBACHI & SUSHI,1
,NANCY RESTAURANT,1
,MY THREE SONS DINER,1
,MR. BAO,1
,MOZZARELLA,1
,MOTHERS SEAFOOD & MORE,1
,MORGAN'S BBQ,1
,MOON & FLOWER HOUSE,1
,MONTAGUE BAGELS,1
,MITOUSHI,1
,MIKES DELI,1
,MIKE'S DINER,1
,MCDONALD'S,1
,MBL & Q BURGER,1
,MATHILDE,1
,MASTER'S PIZZERIA,1
,MASALAWALA PS RESTAURANT,1
,MARY'S CAFE,1
,MARRAKECH,1
,Mario's Pizzeria,1
,MARIA'S BISTRO MEXICANO,1
,MAMAN,1
,MAD FOR CHICKEN,1
,LUCKY HOUSE CHINESE KITCHEN,1
,LOS TACOS MCONDO,1
,LOMA RESTAURANT & COFFEE SHOP,1
,LOCANDA MARIELLA,1
,LITTLENECK,1
,LITTLE MO/MO CAFE,1
,LITTLE CUPCAKE BAKESHOP,1
,LINDA'S RESTAURANT BAKERY & LOUNGE,1
,LEO'S PIZZA,1
,LELLO'S PIZZA,1
,LE FATIMA BAR & GRILL,1
,LAGO KACHE,1
,LA FAMILIA RESTAURANT,1
,LA CUESTA,1
,LA CHACRA,1
,KYOTO SUSHI,1
,KUNG FU,1
,KOWLOON CAFE,1
,KOTTI BERLINER DONER KEBAB,1
,KOGANE RAMEN,1
,KNAPP ST PIZZA II,1
,KINGSTON PIZZA,1
,KINGSTON BAKE SHOP,1
,KINGS COUNTY CAFE,1
,KING OF TANDOOR,1
,KFC,1
,KENNEDY FRIED CHICKEN,1
,Keg and Lantern Brewing,1
,KATOU RESTAURANT,1
,KAHACHAPURI FACTORY,1
,JUNGLE CAFE,1
,JUNE,1
,JUICE & TACOS,1
,JOY KITCHEN,1
,JIGGA'S JERK SPOT,1
,JALOPY TAVERN,1
,J&V FAMOUS PIZZA,1
,J AND C RESTAURANT,1
,ISLAND POPS,1
,IN CHA/TASTE OF GUILIN,1
,ICE CREAM HOUSE ON 36,1
,HUNGRY GHOST COFFEE BAR AT FULTON,1
,HUNGRY GHOST,1
,HUNGRY BURRITO,1
,HUANG HE LOU 888,1
,HUA LONG RESTAURANT,1
,HILLS KITCHEN,1
,HIGH GRADE COFFEE,1
,HIGH FIVE,1
,HENRY ST. ALE HOUSE,1
,HEMO'S SPOT JUICE BAR & CAFE,1
,HAPPY GARDEN,1
,HALSEY BAR & GRILL,1
,GYRO EXPRESS,1
,GUANG JI BAKERY,1
,GREAT TASTE HOUSE,1
,GOOD BAR,1
,GOLDEN THAI,1
,GOLDEN LILY BAKERY,1
,GOLDEN KRUST CARIBBEAN BAKERY & GRILL,1
,GOLDEN BLUE BAR & RESTAURANT,1
,GIGI'S BAKERY,1
,GERTIE,1
,FULTON HALAL GRILL,1
,FULKOLE RESTAURANT,1
,FU XING HOUSE,1
,FRANKS PIZZA RESTAURANT,1
,"FRANKLIN PARK, DUTCH BOY BURGER",1
,FRADEI,1
,FORTUNATO BROS CAFE & BAKERY,1
,FOOD SING RESTAURANT,1
,FONDA,1
,FLORIDIAN DINER,1
,FLAVA II,1
,FISHERMAN'S COVE,1
,FEDERICO'S PIZZERIA,1
,FAUN,1
,EXQUISITO DOMINICAN RESTAURANT,1
,ENERGY FUEL CAFE,1
,EMPIRE KITCHEN .,1
,ELIA,1
,EL SANCHO MEXICAN TORTERIA,1
,EL SABOR DE LA ESQUINA,1
,EL REY II RESTAURANT,1
,EL RANCHO RESTAURANT,1
,EL LEMPIRAS RESTAURANT,1
,EL ESPINO RESTAURANT,1
,EL COMEDOR RESTAURANTE,1
,DUN-WELL DOUGHNUTS,1
,DOMINOS,1
,DOKEBI GRILL,1
,DINO,1
,DIMMER & SUMMER,1
,DIM SUM KING & BAKERY,1
,DEE BEST ZEPOLES,1
,DEBUTEA,1
,CROWN FRIED CHICKEN & PIZZA,1
,CROWN FRIED CHICKEN,1
,CROWN BAGELS & PIZZA,1
,CREME CUISINE,1
,COURT PASTRY SHOP,1
,CORK & SLICE,1
,CONNECTICUT MUFFIN,1
,COFFEE SPOT CAFE,1
,CITY LINE PIZZA & PASTA,1
,CHUAN TIAN XIA,1
,CHOPSTIX,1
,CHLOE'S,1
,CHINGOO RESTAURANT,1
,CHINESE MUSICIAN RESTAURANT,1
,CHINA CITY II,1
,CHEZ OSKAR,1
,CHEESE & BREAD,1
,CHE,1
,CATSKILL BAGEL CO.,1
,CASA MAYA (GREEN CAFE & JUICE BAR),1
,CARIDAD CHINA RESTAURANT,1
,CARIBE RESTAURANT,1
,C & L NEW YORK TRADING INC,1
,BURGER KING,1
,BUNNA CAFE,1
,BULBAP GRILL,1
,Buddies Coffee,1
,BROOKLYN KOLACHE CO,1
,BROKEN LAND,1
,BOUTROS,1
,BOU'OTE,1
,BOOLEY'S RESTAURANT & BAKERY,1
,BONJOUR BROOKLYN BAKERY,1
,BOEUF & BUN,1
,BLOSSOM DINER,1
,BLACK BRICK,1
,BISTRO1804,1
,BIRO-EN RESTAURANT,1
,BENNY'S BRICK OVEN,1
,BEBE FRITAY,1
,BAYRIDGE TURKISH CAFE,1
,BARON'S,1
,BAREBURGER,1
,BACK HOME BAKERY,1
,B'KLYN BURRO,1
,AVLEE GREEK KITCHEN,1
,AUTHENTIC SZECHUAN,1
,ARTICHOKE BASILLE'S PIZZA,1
,ANTOJITOS ECUATORIANOS,1
,ANTOJITOS DELI FOOD,1
,ANGIE'S BREAKFAST SPOT,1
,ANGELES BAKERY,1
,AMY THAI BISTRO,1
,ALIOTTA BAKE SHOP,1
,Al Bait Baitak,1
,ACHILLES HEEL,1
,ABRACADABRA MAGIC DELI,1
,ABILENE,1
,ABDULLAH SWEETS AND RESTAURANT,1
,A BAR,1
,98K,1
,5 STAR VILLAGE CAFE,1
,333 LOUNGE,1
Brooklyn Total,,372
Queens,SUBWAY,5
,YUNNAN RICE NOODLE HOUSE,2
,YUMMY MANDARIN RESTAURANT,2
,YER MAN'S IRISH PUB,2
,SHUN FOOK CHINESE RESTAURANT,2
,POLLO D. MARIA,2
,PATMAR BAKE SHOP,2
,LAS TIAS BAKERY,2
,LA ROJA DE TODOS,2
,LA GULI PASTRY SHOP,2
,KENNEDY FRIED CHICKEN,2
,JOJU & JOJU BOWL,2
,IHOP,2
,GOLDEN PALACE,2
,GOLDEN KRUST CARIBBEAN BAKERY & GRILL,2
,FATIMA HALAL RESTAURANT,2
,EAST 21,2
,DUNKIN,2
,CRAZY WILLY'S,2
,CARVEL,2
,1.5 DAK GALBI,2
,ZHANG LIANG HOT POT,1
,ZAAB ZAAB,1
,YUMMY TACO,1
,YI MEI BAKERY,1
,YANWU,1
,WOW BAGEL,1
,WENDY'S,1
,VIDA,1
,VALERIO JUICE BAR,1
,V.I. PIZZA,1
,UKUS,1
,TWO QUEENS CUISINE,1
,TSAOCAA,1
,TROPICAL JADE 2,1
,TRINI DELITE,1
,TOZTON,1
,TLAXCALITA LA BELLA,1
,TITAHS DELI GROCERY,1
,TI HU THE NOODLE HOUSE,1
,THE EMPANADA SPOT,1
,TE QUIERO,1
,TBAAR,1
,TANDOOR RESTAURANT,1
,TAAM WEST INDIAN HALAL,1
,SZE'S GARDEN,1
,SWEETS BAKERY & CAFE,1
,SUSHI YOSHI/TSAOCAA,1
,SUSHI AKIO,1
,STARLIGHT GRILL RESTAURANT & SWEETS,1
,STACKED SANDWICH SHOP,1
,SPICE ON A SLICE,1
,SONG SONG FOOD,1
,SOHNA PUNJAB INDIAN RESTAURANT,1
,SODAM,1
,SNACK TIME GRILL,1
,SMOKEY CHICK,1
,SLIDER BURGER,1
,SLICE,1
,SHUN WON FLUSHING,1
,SHUN WANG RESTAURANT,1
,SHUFOOD VEGGIE KITCHEN,1
,SHIMIAODAO YUNNAN RICE NOODLE,1
,SHAKE SHACK,1
,SHAHI DHABA,1
,SHAD RESTAURANT,1
,SEEK COFFEE,1
,SBARRO,1
,SABROSURA LATINA,1
,RUMBA Y SAZON BAR,1
,RUMA'S KITCHEN,1
,ROYAL QUEEN,1
,Rose Concession Stand,1
,ROSA'S PIZZA & PASTA,1
,RICO PAN BAKERY,1
,RESTAURANTE Y ANTOJITOS GUATELINDA,1
,REN'S GREAT WALL RESTAURANT,1
,RED RIBBON BAKESHOP,1
,RED PIPES CAFE,1
,RED MANGO,1
,QK Restaurant Inc.,1
,PRONTO RESTAURANT,1
,POPEYES,1
,PLAYGROUND,1
,PIKALO ROASTED CHICKEN & PIZZA,1
,PIAZZA PIZZA,1
,PEKING RESTAURANT,1
,PAPA JOHN'S,1
,OLIVE DELI & CAFE,1
,ODAAN,1
,OCEAN SIDE RESTAURANT,1
,OBA GRILL,1
,O.B'S BAKERY,1
,NYC TIKKA MASALA,1
,NUTRIPAN COLOMBIAN BAKERY,1
,NORTH SHORE DINER,1
,No.1 CHINESE RESTAURANT,1
,NO. 1 CHINESE RESTAURANT,1
,NEW YORK TAVERN,1
,NEW THRIVING RESTAURANT,1
,NEW QQ CAFE AND BAKERY,1
,NEW KING WAH,1
,NEW HO WAH CHINESE,1
,NEW GRAND BUFFET,1
,NAPOLI'S BISTRO,1
,MR. POLLO #1,1
,MR. CHICKEN AND MRS. TEA,1
,MR WASABI,1
,MOMEMTOS SPORT BAR,1
,MMM...THATS A WRAP,1
,MMM...THAT'S A WRAP,1
,MIZUMI,1
,MEXICO EL SALVADOR INC,1
,MCDONALD'S,1
,MANUEL E RESTAURANT,1
,MANNAN BAKERY,1
,MAMITA'S,1
,MAD FOR CHICKEN,1
,M & M BROADWAY BAKERY,1
,LUKE KELLYS,1
,LOS TOLDOS RESTAURANT,1
,LOS MARINILLOS,1
,LIBERTY BAGELS,1
,LENG EARTH FOOD,1
,LAS MARGARITAS BAR & RESTAURANT,1
,LAS MARGARITAS ASTORIA BAR & RESTAURANT,1
,LAS AMERICAS BAKERY,1
,LA POLLERA DE MARIO,1
,LA MORENITA ECUATORIANA RESTAURANT,1
,LA GATA GOLOSA BAKERY / YOGURBERRY,1
,LA DOLCE ITALIA BAKERY,1
,LA CANOA,1
,KINGS WOK,1
,KIMCHAYUL MYUNGPOOM GALBI,1
,KFC,1
,KEW MOTOR INN RESTAURANT & BAR,1
,KALON FOOD + EVENTS,1
,KABAYAN BISTRO LOUNGE & BANQUET,1
,JUICE BAR NUTRITION,1
,JU MAKK,1
,JOSE SEAFOOD,1
,JIA YOUNG CAFE,1
,JI YOU BRAISED FOOD,1
,JAMAICAN FLAVORS,1
,JAMAICA LOBSTER,1
,JAHN'S RESTAURANT,1
,ISLAND ROTI SHOP,1
,IHOP#3790,1
,I AM KIMCHI,1
,HOT PEPPERS,1
,HONG KONG GARDEN,1
,HOMEMADE TAQUERIA,1
,HIBISCUS RESTAURANT EXPRESS,1
,HIBACH EXPRESS,1
,GREEN SPOT CAFE,1
,GREEN LEAF BISTRO NYC,1
,GRANO DE CAFE,1
,GOOD FELLAS PIZZA,1
,GLENDALE BAKESHOP & CAFE,1
,FOO AN CHINESE FOOD,1
,FLOWERS & FLOUR,1
,FITOOR,1
,FISH VILLAGE,1
,FIRST HAND FOOD,1
,FAMILY KITCHEN,1
,FAIRFIELD BANQUET HALL & PLATINUM UNITED CARE,1
,EXQUISITO RESTAURANT,1
,ESQUIRE DINER,1
,EMOJI BURGER,1
,ELMHURST FAMOUS PIZZA,1
,EL PALO BAR RESTAURANT,1
,EL MERO MERO,1
,EL ENCEBOLLADO DE VICTOR 2,1
,EL CAFETAL BAKERY,1
,E&A'S BAKE N BREW,1
,DY KTV CLUB,1
,DREAM PIZZA,1
,DRAGON CITY RESTAURANT,1
,DONOVAN'S PUB,1
,DONATO'S PIZZERIA RESTAURANT,1
,DON POLLO,1
,DOMINO'S,1
,DOMINICAN FOOD DELI & GRILL,1
,DERA RESTAURANT,1
,DARBAR'S CHICKEN & RIBS,1
,DANTE'S PIZZA,1
,CREOLE FUSION,1
,COLD STONE CREAMERY,1
,CHOW,1
,CHEAP SHOTS SPORTS BAR and LOUNGE,1
,CHANG PAI,1
,CHAMPION PIZZA,1
,CARLITOS 2 PANADERIA,1
,CARIBBEAN TASTE BUDZ,1
,CANAAN BREAD,1
,CAMPEON DEL POLLO RESTAURANT,1
,CAFE VALDEZ,1
,CAFE MOCHA,1
,CAFE CON AMOR,1
,CAFE 52 RESTAURANT,1
,C&C ITALIAN DELI II,1
,C & B LUNCHEONETTE,1
,Burger Spot,1
,BURGER KING,1
,BUGGING OUT 4 BURGERS,1
,BRUNCH SPOT NYC,1
,BROOKSIDE MARKET,1
,BOWLERO,1
,BONUS ROOM,1
,BON APPETIT RESTAURANT,1
,BLUE BAY DINER,1
,BEST YUMMY,1
,BEST GARDEN CHINESE RESTAURANT,1
,BEST DELI,1
,BEAN HOUSE,1
,BBQ VILLAGE,1
,BAKHTAR KEBAB,1
,ASIAN KITCHEN,1
,APOLLO CAFE & BAKERY,1
,ANGELOS DELI RESTAURANT,1
,ALFIE'S PIZZA AND PASTA,1
,ALBA'S PIZZA,1
,AJI SUSHI HOUSE,1
,AFRICANA RESTAURANT,1
,ADELA'S CAFE AND RESTAURANT,1
,ACE PIZZA,1
,ABRACADABRA MAGIC DINER,1
,888 KITCHEN,1
,3 BROS 99 CENTS PIZZA,1
,15 FLAVORS (FROZEN DLITE),1
Queens Total,,254
Bronx,KENNEDY FRIED CHICKEN,4
,DUNKIN,3
,ST BESS RESTAURANT,2
,POPEYES,2
,MOCHA CAFE,2
,KINGSTON TROPICAL BAKERY,2
,JUANITO RESTAURANT,2
,GOODBITES CARIBBEAN RESTAURANT & LOUNGE,2
,GOLDEN KRUST CARIBBEAN BAKERY & GRILL,2
,COURT DELI RESTAURANT,2
,CODE RED,2
,#1 SABOR LATINO RESTAURANT,2
,YANKEE TAVERN,1
,XING HUI LINDA KITCHEN,1
,WAI KANG CHINESE RESTAURANT,1
,VENICE,1
,UP TOP GRILL,1
,TROPICAL ROTTISSERIE,1
,THE PUNCH BOWL,1
,THE HIDEOUT TAVERN,1
,THE DUMPLING COVE,1
,"THE CORNER CAFE & BAKERY, PIZZA PLUS",1
,THE BARBECUE PIT,1
,TERIYAKI ONE JAPANESE GRILL,1
,TACO BELL CANTINA,1
,TACO BELL,1
,T-BROTHERS PIZZERIA,1
,SUPER KENNEDY'S CHICKEN & SANDWICH,1
,SUMA PIZZA,1
,SUBWAY,1
,STARBUCKS COFFEE #49450,1
,SMASHBURGER,1
,SIX HAPPINESS CHINESE FOOD,1
,SHAMROCK INN,1
,SCOTCH BONNET,1
,ROCA TONE SEAFOOD RESTAURANT,1
,RIVERDALE INDIAN KITCHEN,1
,RAMBLING HOUSE,1
,PUGSLEY PIZZA,1
,PROSPECT COFFEE SHOP,1
,PERISTA RESTAURANT,1
,PARRILLA LATINA SPORTS BAR,1
,PARADISE CAFE NY RESTAURANT,1
,OCKY FRIED CHICKEN & PIZZA,1
,NO 1 LUCK SUNG RESTAURANT,1
,NEW YORK PIZZA,1
,NEW SHENG CHINESE RESTAURANT,1
,NEW MAMA'S FRIED CHICKEN,1
,NEW GREEN DRAGON,1
,NATIONAL BAKERY,1
,MUNCH N' GRUB CHICKEN,1
,MCDONALD'S,1
,LYDIG COFFEE HOUSE,1
,LUNA PIZZA,1
,LUNA CAFE,1
,LOS NISPEROS PERUVIAN RESTAURANT,1
,LITTLE CAESARS,1
,LIN'S ASIAN CUISINE,1
,LILY'S CAFE RESTAURANT,1
,LIBERTY DINER,1
,LIANG'S GARDEN,1
,LAS MARAVILLAS DE MEXICO RESTAURANT,1
,LA SALLE BAKERY,1
,LA ROLA RESTAURANT,1
,LA CABANA SALVADORENA,1
,KORI'S EAT/MALLIA'S,1
,KHALIL BIRYANI  HOUSE,1
,KEENANS,1
,KATONAH ITALIAN PASTRY SHOP,1
,JULIA'S COFFEE SHOP,1
,JEN'S FRENCH TOAST,1
,JADE GARDEN,1
,J J SPORT RESTAURANT,1
,ITALIAN LOVERS PIZZA,1
,ININE BISTRO,1
,IKKO,1
,IHOP,1
,I LOVE NY PIZZA,1
,HOME THE BRONX STEAKHOUSE,1
,HING WONG RESTAURANT,1
,HACIENDA AGAVE,1
,FIORENTINA STEAKHOUSE,1
,ESTRELLA BRONX RESTAURANT,1
,ENZO'S RESTAURANT,1
,EMPANADAS RD,1
,EMPANADA RD,1
,EMILIO'S,1
,EL VIEJO GRAN CAFE,1
,EL VALLE RESTAURANT,1
,EL NUEVO PATIO,1
,EL DESPERTAR MARLENE,1
,EAZY LIFE RESTAURANT,1
,E & L BAKERY & COFFEE SHOP,1
,DYNASTY TASTE LAM,1
,"DUNKIN',' BASKIN ROBBINS",1
,DOMINICANA POLLO SABROSO RESTAURANT,1
,DAKAR AFRICAN RESTAURANT  & GRILL,1
,CRAB STOP CAJUN,1
,CHUCK E. CHEESE'S,1
,CHINESE GOURMET,1
,CHINA PAVILION RESTAURANT,1
,CENTRAL CARIBBEAN BAKERY,1
,CAPRI II PIZZA,1
,CAFE ROYALE,1
,BURGER KING,1
,BUFFALO WILD WINGS,1
,BB PIZZA & DINE,1
,BASCOM CATERING & EVENTS,1
,BAILEY SEAFOOD MARKET & RESTAURANT,1
,ANISE,1
,ANGIOLINA'S RESTAURANT,1
,ANDY'S TERIYAKI & TACO,1
,ADAYA AFRICAN AMERICAN RESTAURANT,1
,2123 FRESH TORTILLAS,1
Bronx Total,,129
Staten Island,SUBWAY,3
,STATUE OF LIBERTY DELI,2
,REYES DELI MEXICANA,2
,WILD CRAB HOUSE,1
,TRIUNFO RESTAURANT,1
,TERMINAL ONE,1
,ROSEBANK PIZZA,1
,RED APPLE RESTAURANT,1
,PHIL-AM KUSINA,1
,PAPA JOHNS PIZZA,1
,NORI SUSHI RESTAURANT,1
,NOODLEFAN,1
,NEW ASHA SRI LANKAN RESTAURANT,1
,MR HIBACHI EXPRESS,1
,MIKE'S OAKWOOD DINER,1
,JOE JOE PIZZERIA,1
,JODY'S CLUB,1
,Jersey Mikes Subs,1
,JADE ISLAND RESTAURANT,1
,JAC MAO CHINESE CUISINE,1
,HYLAN DINER,1
,HITTO RAMEN,1
,GOLDEN STAR,1
,GIUSEPPE PIZZERIA,1
,FRANCESCO'S,1
,FOREST THAI CUISINE,1
,FERRIS WHEEL YOGURT SMOOTHIES,1
,EURO PIZZA,1
,EL POLLO II RESTAURANT,1
,EL DORADO RESTAURANTE BAR AND GRILL,1
,DUNKIN,1
,DEJA VU,1
,D & B RESTAURANT II,1
,CHINA NEW STAR RESTAURANT,1
,CHINA KING,1
,CAFE JULIET,1
,BROOKLYNS FINEST PIZZA & RESTAURANT,1
,BRADLEY'S DELI & RESTAURANT,1
,BAKE CULTURE,1
,BAGEL DEPOT,1
,AUNTIE ANNE'S PRETZELS,1
Staten Island Total,,45
Grand Total,,1179